create database Web_Truyen
go
drop database Web_Truyen
use  Web_Truyen
go
select * from view_theloai
create view view_theloai as
select distinct TRUYEN.MaTruyen,TRUYEN.TenTruyen,TRUYEN.AnhBia,THELOAI.TenTL,THELOAI.MaTL,TACGIA.TenTG,CHUONG.TenFoder,count(CHUONG.IdChuong) as N'TongChuong' from TRUYEN,CHUONG,TACGIA,THELOAI
where TRUYEN.MaTruyen=CHUONG.MaTruyen and TRUYEN.MaTG=TACGIA.MaTG and TRUYEN.MaTL=THELOAI.MaTL 
group by TRUYEN.MaTruyen,TRUYEN.TenTruyen,TACGIA.TenTG,THELOAI.TenTL,THELOAI.MaTL,CHUONG.TenFoder,TRUYEN.AnhBia

select * from DECU,TRUYEN where DECU.MaTruyen=TRUYEN.MaTruyen
select distinct TRUYEN.TenTruyen,TRUYEN.AnhBia,THELOAI.TenTL,CHUONG.TenFoder,TRUYEN.NgayDang from TRUYEN,THELOAI,CHUONG where TRUYEN.MaTL=THELOAI.MaTL and TRUYEN.MaTruyen=CHUONG.MaTruyen  order by  TRUYEN.NgayDang DESC 
select distinct MaTruyen,NgayDang,TenFoder from CHUONG  order by  CHUONG.NgayDang DESC 
delete  from Review
select * from Review
set dateformat dmy;
create table DANGNHAP(
	MaDN int identity primary key,
	TenDangNhap nvarchar(50) not null,
	MatKhau nvarchar(50) not null,
	Email varchar(100),
	SDT varchar(10),
	avatar text
)
insert into DANGNHAP values (N'Na Chỉ Nhất Văn','1230123','nguyenminhnhat97dc@gmail.com','0975661107','test_1.jpg')
create table TACGIA(
	MaTG varchar(10) not null primary key,
	TenTG nvarchar(50) not null,
	DiaChi nvarchar(50) not null,
	TieuSu ntext not null,
)
insert into TACGIA values
('TG001',N'Thiên Tàm Thổ Đậu',N'Trung Quốc',N'abcxyz'),
('TG002',N'Tân Phong',N'Trung Quốc',N'abcxyz'),
('TG003',N'Yếm Bút Tiêu Sinh',N'Trung Quốc',N'abcxyz'),
('TG004',N'Ngã hội không điều chứ',N'Trung Quốc',N'abcxyz'),
('TG005',N'lão ưng cật tiểu kê',N'Trung Quốc',N'abcxyz'),
('TG006',N'Đạt ma',N'Trung Quốc',N'abcxyz'),
('TG007',N'Nhĩ Căn',N'Trung Quốc',N'abcxyz'),
('TG008',N'DD Lão Huynh',N'Trung Quốc',N'abcxyz'),
('TG009',N'Phan phan',N'Trung Quốc',N'abcxyz'),
('TG010',N'vệ huyền hy',N'Trung Quốc',N'abcxyz'),
('TG011',N'Phi thiên ngư',N'Trung Quốc',N'abcxyz'),
('TG012',N'Hàm ngư',N'Trung Quốc',N'abcxyz'),
('TG013',N'gameer',N'Trung Quốc',N'abcxyz'),
('TG014',N'hắc tâm lão ma',N'Trung Quốc',N'abcxyz'),
('TG015',N'mạc mặc',N'Trung Quốc',N'abcxyz'),
('TG016',N'tử thủ',N'Trung Quốc',N'abcxyz'),
('TG017',N'Phong Thanh Dương',N'Trung Quốc',N'abcxyz'),
('TG018',N'diễm linh cơ',N'Trung Quốc',N'abcxyz'),
('TG019',N'Tiêu Thiên Tứ',N'Trung Quốc',N'abcxyz'),
('TG020',N'Cương trung canh hữu cường',N'Trung Quốc',N'abcxyz'),
('TG021',N'Thí Kiếm Thiên Nhai',N'Trung Quốc',N'abcxyz'),
('TG022',N'Cơ Xoa',N'Trung Quốc',N'abcxyz'),
('TG023',N'Bố cốc liêu',N'Trung Quốc',N'abcxyz'),
('TG024',N'Tô Hàn',N'Trung Quốc',N'abcxyz'),
('TG025',N'Đinh hồng',N'Trung Quốc',N'abcxyz'),
('TG026',N'Ngân sắc kỷ niệm tệ',N'Trung Quốc',N'abcxyz'),
('TG027',N'Nhĩ Căn',N'Trung Quốc',N'abcxyz')

create table THELOAI(
	MaTL nvarchar(5) not null primary key,
	TenTL nvarchar(50),
)
insert into THELOAI values
('TH',N'Tiên Hiệp'),
('KH',N'Kiếm Hiệp'),
('DT',N'đô thị'),
('DN',N'dị năng'),
('HH',N'huyền huyễn'),
('TS',N'trùng sinh'),
('LD',N'linh dị'),
('DG',N'dị giới'),
('LS',N'lịch sử'),
('MT',N'mạt thế'),
(N'ĐN',N'đồng nhân'),
('VD',N'Võng Du'),
('KA',N'Kỳ Ảo')

create table TRUYEN(
	MaTruyen int identity primary key,
	TenTruyen nvarchar(50) not null,
	MaTG varchar(10),
	AnhBia varchar(50),
	TrangThai nvarchar(15),
	LuotXem int,
	NgayDang date default CURRENT_TIMESTAMP,	
	MaDN int,
	MaTL nvarchar(5),
	foreign key (MaTL) references THELOAI(MaTL),
	foreign key (MaDN) references DANGNHAP(MaDN),
	foreign key (MaTG) references TACGIA(MATG)
)

insert into TRUYEN values
(N'Ngã Dục Phong Thiên','TG027','nga_duc_phong_thien.jpg',N'Hoàn Thành',10000,'20/05/2021','1','TH'),
(N'Cầu Ma','TG027','cau_ma.jpg',N'Hoàn Thành',10000,'20/05/2021','1','TH'),
(N'Nhất Niệm Vĩnh Hằng','TG027','nhat_niem_vinh_hang.jpg',N'Hoàn Thành',10000,'20/05/2021','1','TH'),
(N'Tiên Nghịch','TG027','tien_nghich.jpg',N'Hoàn Thành',10000,'20/05/2021','1','TH'),
(N'Đại Chúa Tể','TG001','dai_chua_te.jpg',N'Hoàn Thành',10000,'18/5/2021','1','HH'),
(N'Vô Địch Thật Tịch Mịch','TG002','vo_dich_that_tich_mich.jpg',N'Hoàn Thành',10000,'18/5/2021','1','HH'),
(N'Đế Bá','TG003','de_ba.jpg',N'Đang Ra',10000,'18/5/2021','1','HH'),
(N'Ta Hệ Chữa Trị Trò Chơi','TG004','ta_he_chua_tri_tro_choi.jpg',N'Đang cập Nhập',10000,'18/5/2021','1','HH'),
(N'Vạn Tộc Chi Kiếp','TG005','van_toc_chi_kiep.jpg',N'Đang Cập Nhập',10000,'18/5/2021','1','HH'),
(N'Tôn Hầu Là Sư Đệ Ta','TG006','ton_hau_la_su_de_ta.jpg',N'Đang Cập Nhập',10000,'18/5/2021','1','TH'),
(N'Cho Mời Tiểu Sư Thúc','TG007','cho_moi_tieu_su_thuc.jpg',N'Đang Cập Nhập',10000,'18/5/2021','1','TH'),
(N'Ta Muốn làm thiên đao','TG008','ta_muon_lam_thien_dao.jpg',N'Đang Cập Nhập',10000,'18/5/2021','1','TH'),
(N'Toàn chức pháp sư','TG009','toan_chuc_phap_su.jpg',N'Đang Cập Nhập',10000,'18/5/2021','1','TH'),
(N'Huyền Lục','TG010','huyen_luc.jpg',N'Đang Cập Nhập',10000,'18/5/2021','1','TH'),
(N'Vạn cổ thần đế','TG011','van_co_than_de.jpg',N'Đang Cập Nhập',10000,'18/5/2021','1','TS'),
(N'Đế Chế đại việt','TG012','de_che_dai_viet.jpg',N'Đang Cập Nhập',10000,'18/5/2021','1','TS'),
(N'gamer xưng bá dị giới','TG013','gamer_xung_ba_di_gioi.jpg',N'Đang Cập Nhập',10000,'18/5/2021','1','TS'),
(N'đỉnh luyện thần ma','TG014','dinh_luyen_than_ma.jpg',N'Đang Cập Nhập',10000,'18/5/2021','1','TS'),
(N'vũ luyện điền phong','TG015','vu_luyen_dien_phong.jpg',N'Đang Cập Nhập',10000,'18/5/2021','1','TS'),
(N'Ta có thể vô hạn đổi hệ thống','TG016','ta_co_the_vo_han_doi_he_thong.jpg',N'Đang Cập Nhập',10000,'18/5/2021','1','VD'),
(N'Vạn Cổ đệ nhất thần nhân','TG017','van_co_de_nhat_than_nhan.jpg',N'Đang Cập Nhập',10000,'18/5/2021','1','VD'),
(N'Thế giới duy nhất pháp sư','TG018','the_gioi_duy_nhat_phap_su.jpg',N'Đang Cập Nhập',10000,'18/5/2021','1','VD'),
(N'Phong thần ký','TG019','phong_than_ky.jpg',N'Đang Cập Nhập',10000,'18/5/2021','1','VD'),
(N'Tinh tế tu chân hằng ngày','TG020','tinh_te_tu_chan_hang_ngay.jpg',N'Đang Cập Nhập',10000,'18/5/2021','1','VD'),
(N'Chư thiên chi sát khí hào hùng','TG021','tinh_te_tu_chan_hang_ngay.jpg',N'Đang Cập Nhập',10000,'18/5/2021','1','DG'),
(N'Đây là tinh cầu của ta','TG022','day_la_tinh_cau_cua_ta.jpg',N'Đang Cập Nhập',10000,'18/5/2021','1','DG'),
(N'Tiên lục','TG023','tien_luc.jpg',N'Đang Cập Nhập',10000,'18/5/2021','1','DG'),
(N'Yêu long cổ đế','TG024','yeu_long_co_de.jpg',N'Đang Cập Nhập',10000,'18/5/2021','1','DG'),
(N'Tối Cường hệ thống đế hoàng','TG025','toi_cuong_he_thong_de_hoang.jpg',N'Đang Cập Nhập',10000,'18/5/2021','1','DG'),
(N'Ta cao hơn trời','TG026','ta_cao_hon_troi.jpg',N'Đang Cập Nhập',10000,'18/5/2021','1','DG')

create table CAMXUC(
	MaCX int identity primary key,
	MaTruyen int,
	Tim int,
	Thich int,
	Haha int,
	Buon int,
	Gian int,
	foreign key (MaTruyen) references TRUYEN(MaTruyen)
)
create table DECU(
	MaDC int identity primary key,
	MaTruyen int,
	DiemDeCu int,
	foreign key (MaTruyen) references TRUYEN(MaTruyen)
)
insert into DECU values
(1,10),
(2,10),
(3,10),
(4,10),
(5,10),
(6,10),
(7,10),
(8,10)
create table THINHHANH( 
    MaTH int identity primary key,
	MaTruyen int,
	DiemTH int,
	foreign key (MaTruyen) references TRUYEN(MaTruyen)
)

insert into THINHHANH values
(10,400),(11,300),(12,200),(13,255),(14,354),(15,290),(16,330),(17,329),(18,320),(19,189)
create table NHANTHUONG(
	MaNT int identity primary key,
	MaTruyen int,
	DiemNT int,
	foreign key (MaTruyen) references TRUYEN(MaTruyen)
)
insert into NHANTHUONG values
(21,165000),(22,150000),(23,145365),(24,156894),(25,162389),(26,148662),(27,123654),(28,151894),(29,162369),(30,132145)
create table Rank_DeCu(
	MaNT int identity primary key,
	MaTruyen int,
	DiemDC int,
	foreign key (MaTruyen) references TRUYEN(MaTruyen)
)
insert into Rank_DeCu values
(8,200),(9,199),(10,198),(20,150),(18,100),(19,80),(25,90),(6,60),(5,160),(3,160)
create table Review(
	MaRV int identity primary key,
	MaTruyen int,
	MaDN int,
	NoiDung nvarchar(500),
	TinhCachNhanVat int,
	CotTruyen int,
	BoCucTheGioi int
	foreign key (MaDN) references DANGNHAP(MaDN)
)

create table BinhLuan(
	MaBL int identity primary key,
	MaTruyen int,
	MaDN int,
	NoiDung nvarchar(500),
	foreign key (MaDN) references DANGNHAP(MaDN)
)

create table CHUONG(
	MaChuong int identity primary key,
	MaTruyen int not null,
	IdChuong int not null,
	TenChuong nvarchar(200) not null,
	MaDN int,
	NgayDang datetime,
	LuotXemChuong int,
	TenFoder varchar(50),
	foreign key (MADN) references DANGNHAP(MaDN),
	foreign key (MaTruyen) references TRUYEN(MaTruyen)
)
create table TruyenDangDoc(
	MATDC int identity primary key,
	MaTruyen int,
	IdChuong int,
	MaDN int,
	foreign key (MaTruyen) references TRUYEN(MaTruyen),
	foreign key (MaDN) references DANGNHAP(MaDN)
)
select * from TruyenDangDoc
insert into CHUONG values
(1,1,N'Bắc Linh Viện','1',current_timestamp,20,'Dai_Chua_Te'),
(1,2,N'Thiếu Niên Bị Đuổi Khỏi Linh Lộ','1',current_timestamp,20,'Dai_Chua_Te'),
(1,3,N'Mục Vực','1',current_timestamp,20,'Dai_Chua_Te'),
(1,4,N'Đại Phù Đồ Quyết','1',current_timestamp,20,'Dai_Chua_Te'),
(1,5,N'Đại Thiên Thế Giới','1',current_timestamp,20,'Dai_Chua_Te'),
(1,6,N'Biên độ dao động linh lực','1',current_timestamp,20,'Dai_Chua_Te'),
(1,7,N'Mộ Nguyên','1',current_timestamp,20,'Dai_Chua_Te'),
(1,8,N'Liễu Dương','1',current_timestamp,20,'Dai_Chua_Te'),
(1,9,N'Đối mặt','1',current_timestamp,20,'Dai_Chua_Te'),
(1,10,N'Tỷ thí học viện','1',current_timestamp,20,'Dai_Chua_Te'),
(1,11,N'Đàm Thanh Sơn','1',current_timestamp,20,'Dai_Chua_Te'),
(1,12,N'Ra tay','1',current_timestamp,20,'Dai_Chua_Te'),
(1,13,N'Chiến Liễu Dương','1',current_timestamp,20,'Dai_Chua_Te'),
(1,14,N'Linh Động cảnh trung kỳ','1',current_timestamp,20,'Dai_Chua_Te'),
(1,15,N'Phá Linh châu','1',current_timestamp,20,'Dai_Chua_Te')
insert into CHUONG values
(2,1,N'Ta Là Bất Tử','1',current_timestamp,10,N'Vo_Dich_That_Tich_Mich'),
(2,2,N'Nghĩ Đến Đã Thấy Hý Hững','1',current_timestamp,10,N'Vo_Dich_That_Tich_Mich'),
(2,3,N'Thật Là Không Có Tiền Đồ','1',current_timestamp,10,N'Vo_Dich_That_Tich_Mich'),
(2,4,N'Mình Khác Gì Autohack','1',current_timestamp,10,N'Vo_Dich_That_Tich_Mich'),
(2,5,N'Ta Chỉ Không Tin Mà Thôi','1',current_timestamp,10,N'Vo_Dich_That_Tich_Mich'),
(2,6,N'Cảm nhiễm toàn trường','1',current_timestamp,10,N'Vo_Dich_That_Tich_Mich'),
(2,7,N'Phân tích này một đợt liền ổn','1',current_timestamp,10,N'Vo_Dich_That_Tich_Mich'),
(2,8,N'Chờ một chút, ta có chuyện muốn nói','1',current_timestamp,10,N'Vo_Dich_That_Tich_Mich'),
(2,9,N'Các ngươi sát tính quá nặng đi','1',current_timestamp,10,N'Vo_Dich_That_Tich_Mich'),
(2,10,N'Sư đệ, không cần','1',current_timestamp,10,N'Vo_Dich_That_Tich_Mich'),
(2,11,N'Độ thiện cảm xoát không tệ','1',current_timestamp,10,N'Vo_Dich_That_Tich_Mich'),
(2,12,N'Tự sáng tạo công pháp chỉ nam','1',current_timestamp,10,N'Vo_Dich_That_Tich_Mich'),
(2,13,N'Ngủ ngươi tê liệt, đứng dậy nào','1',current_timestamp,10,N'Vo_Dich_That_Tich_Mich'),
(2,14,N'Ta tuyên ngôn rất nhiều','1',current_timestamp,10,N'Vo_Dich_That_Tich_Mich'),
(2,15,N'Nhất định phải điệu thấp','1',current_timestamp,10,N'Vo_Dich_That_Tich_Mich')
insert into CHUONG values
(3,1,N'Tam Quỷ Gia','1',current_timestamp,100,'De_Ba'),
(3,2,N'Tam Quỷ Gia(2)','1',current_timestamp,100,'De_Ba'),
(3,3,N'Tây Nhan Cổ Phái(1)','1',current_timestamp,100,'De_Ba'),
(3,4,N'Tây Nhan Cổ Phái(2)','1',current_timestamp,100,'De_Ba'),
(3,5,N'Vị Hôn Thê(1)','1',current_timestamp,100,'De_Ba'),
(3,6,N'Vị hôn thê (hạ)','1',current_timestamp,100,'De_Ba'),
(3,7,N'Cửu Thánh Yêu Môn (thượng)','1',current_timestamp,100,'De_Ba'),
(3,8,N' Cửu Thánh Yêu Môn (hạ)','1',current_timestamp,100,'De_Ba'),
(3,9,N'Giết người không chớp mắt (thượng)','1',current_timestamp,100,'De_Ba'),
(3,10,N'Giết người không chớp mắt (hạ)','1',current_timestamp,100,'De_Ba'),
(3,11,N'Ta hung hăng càn quấy, ta ương ngạnh (thượng)','1',current_timestamp,100,'De_Ba'),
(3,12,N'Ta hung hăng càn quấy, ta ương ngạnh (hạ)','1',current_timestamp,100,'De_Ba'),
(3,13,N' Loạn Tâm Lâm (thượng)','1',current_timestamp,100,'De_Ba'),
(3,14,N'Loạn Tâm Lâm (hạ)','1',current_timestamp,100,'De_Ba'),
(3,15,N'Kỳ tích xuất tay ta (thượng)','1',current_timestamp,100,'De_Ba')
insert into CHUONG values
(4,1,N'chơi trò chơi sao? Chơi trước đó trước mổ sọ loại kia','1',current_timestamp,100,'Ta_He_Chua_Tri_Cho_Choi'),
(4,2,N'Hòa thuận quê nhà quan hệ','1',current_timestamp,100,'Ta_He_Chua_Tri_Cho_Choi'),
(4,3,N'Đi ngủ!','1',current_timestamp,100,'Ta_He_Chua_Tri_Cho_Choi'),
(4,4,N'Hướng phía không thể nói nói phương hướng phát triển','1',current_timestamp,100,'Ta_He_Chua_Tri_Cho_Choi'),
(4,5,N'Ngươi quản cái này gọi nhàn nhã chữa trị trò chơi?','1',current_timestamp,100,'Ta_He_Chua_Tri_Cho_Choi'),
(4,6,N'Xã sợ tốt, nhưng là người điên','1',current_timestamp,100,'Ta_He_Chua_Tri_Cho_Choi'),
(4,7,N'Lệ Tuyết','1',current_timestamp,100,'Ta_He_Chua_Tri_Cho_Choi'),
(4,8,N'Hệ thống phán định người tốt','1',current_timestamp,100,'Ta_He_Chua_Tri_Cho_Choi'),
(4,9,N'Hắn diễn liền giống như tự mình trải qua đồng dạng','1',current_timestamp,100,'Ta_He_Chua_Tri_Cho_Choi'),
(4,10,N'Tủ lạnh','1',current_timestamp,100,'Ta_He_Chua_Tri_Cho_Choi'),
(4,11,N'Đã đánh không lại, vậy liền gia nhập','1',current_timestamp,100,'Ta_He_Chua_Tri_Cho_Choi'),
(4,12,N'Trong hành lang người','1',current_timestamp,100,'Ta_He_Chua_Tri_Cho_Choi'),
(4,13,N'Cái thứ hai nhiệm vụ xem tivi','1',current_timestamp,100,'Ta_He_Chua_Tri_Cho_Choi'),
(4,14,N'Đẳng cấp hai','1',current_timestamp,100,'Ta_He_Chua_Tri_Cho_Choi'),
(4,15,N'Là ai tại chữa trị ai?','1',current_timestamp,100,'Ta_He_Chua_Tri_Cho_Choi')
insert into CHUONG values
(5,1,N'Phụ Tử','1',current_timestamp,100,'Van_Toc_Chi_Kiep'),
(5,2,N'Tứ Đại Học Phủ','1',current_timestamp,100,'Van_Toc_Chi_Kiep'),
(5,3,N'Sách Họa vạn tộc','1',current_timestamp,100,'Van_Toc_Chi_Kiep'),
(5,4,N'phương pháp gia tốc khai nguyên cảnh','1',current_timestamp,100,'Van_Toc_Chi_Kiep'),
(5,5,N'mộng cảnh','1',current_timestamp,100,'Van_Toc_Chi_Kiep'),
(5,6,N'Thiết Dực điểu tái hiện','1',current_timestamp,100,'Van_Toc_Chi_Kiep'),
(5,7,N'quyển sách kỳ bí','1',current_timestamp,100,'Van_Toc_Chi_Kiep'),
(5,8,N'thiên tài của đại hạ phủ(1)','1',current_timestamp,100,'Van_Toc_Chi_Kiep'),
(5,9,N'thiên tài của đại hạ phủ(2)','1',current_timestamp,100,'Van_Toc_Chi_Kiep'),
(5,10,N'thủ đoạn của van minh học phủ(1)','1',current_timestamp,100,'Van_Toc_Chi_Kiep'),
(5,11,N'thủ đoạn của van minh học phủ(2)','1',current_timestamp,100,'Van_Toc_Chi_Kiep'),
(5,12,N'khai nguyên tứ trọng(1)','1',current_timestamp,100,'Van_Toc_Chi_Kiep'),
(5,13,N'khai nguyên tứ trọng(2)','1',current_timestamp,100,'Van_Toc_Chi_Kiep'),
(5,14,N'trước thềm gió êm sóng lăng','1',current_timestamp,100,'Van_Toc_Chi_Kiep'),
(5,15,N'dẫn xà xuất động','1',current_timestamp,100,'Van_Toc_Chi_Kiep')
insert into CHUONG values
(6,1,N'Sư phụ, ngươi muốn ôm cháu trai không','1',current_timestamp,100,'Ton_Hau_La_Su_De_Ta'),
(6,2,N'Cái thế giới này nhân vật chính cũng là Hầu Tử','1',current_timestamp,100,'Ton_Hau_La_Su_De_Ta'),
(6,3,N'Tôn Ngộ Không mở cái thật không tốt đầu','1',current_timestamp,100,'Ton_Hau_La_Su_De_Ta'),
(6,4,N'Hồ bằng cẩu hữu đã thị cảm','1',current_timestamp,100,'Ton_Hau_La_Su_De_Ta'),
(6,5,N'Công ty của các ngươi vũ khí muốn tán tỉnh nữ minh tinh','1',current_timestamp,100,'Ton_Hau_La_Su_De_Ta'),
(6,6,N'Một đầu khác Hầu Tử ra tới đoạt trò vui','1',current_timestamp,100,'Ton_Hau_La_Su_De_Ta'),
(6,7,N'Con khỉ này tại dùng di động','1',current_timestamp,100,'Ton_Hau_La_Su_De_Ta'),
(6,8,N'Xuống tới, nhường ba ba đánh chết ngươi','1',current_timestamp,100,'Ton_Hau_La_Su_De_Ta'),
(6,9,N'Ngươi hô cha ta sự tình cũng quên rồi sao','1',current_timestamp,100,'Ton_Hau_La_Su_De_Ta'),
(6,10,N'Ta là một đầu có hài hước cảm giác Hầu Tử','1',current_timestamp,100,'Ton_Hau_La_Su_De_Ta'),
(6,11,N'Nắm sủng vật dưỡng thành nhi tử','1',current_timestamp,100,'Ton_Hau_La_Su_De_Ta'),
(6,12,N'Ngươi là nếm qua chim chim trái cây Hầu Tử, vẫn là ăn Hầu Tử trái cây chim?','1',current_timestamp,100,'Ton_Hau_La_Su_De_Ta'),
(6,13,N'Đông hải tối cường diễn viên quần chúng','1',current_timestamp,100,'Ton_Hau_La_Su_De_Ta'),
(6,14,N'Chúng ta đêm nay hành động là trắng trợn cướp đoạt dân nữ sao','1',current_timestamp,100,'Ton_Hau_La_Su_De_Ta'),
(6,15,N'Kiếm tiền phương pháp liền là trở thành hải tặc cùng với bắt lấy hải tặc','1',current_timestamp,100,'Ton_Hau_La_Su_De_Ta')
insert into CHUONG values
(7,1,N'cho mời tiểu sư thúc','1',current_timestamp,30,'Cho_Moi_Tieu_Su_Thuc'),
(7,2,N'Trời Giáng Tường Vân, thánh nhân đến thế gian','1',current_timestamp,30,'Cho_Moi_Tieu_Su_Thuc'),
(7,3,N'Các Nguoi Diễn Xuất Thật Chuyên Nghiệp À','1',current_timestamp,30,'Cho_Moi_Tieu_Su_Thuc'),
(7,4,N'Chúng Ta Bội Phục','1',current_timestamp,30,'Cho_Moi_Tieu_Su_Thuc'),
(7,5,N'Ẩn Tiên Cư','1',current_timestamp,30,'Cho_Moi_Tieu_Su_Thuc'),
(7,6,N'cho mời tiểu sư thúc','1',current_timestamp,30,'Cho_Moi_Tieu_Su_Thuc'),
(7,7,N'Trời Giáng Tường Vân, thánh nhân đến thế gian','1',current_timestamp,30,'Cho_Moi_Tieu_Su_Thuc'),
(7,8,N'Các Nguoi Diễn Xuất Thật Chuyên Nghiệp À','1',current_timestamp,30,'Cho_Moi_Tieu_Su_Thuc'),
(7,9,N'Chúng Ta Bội Phục','1',current_timestamp,30,'Cho_Moi_Tieu_Su_Thuc'),
(7,10,N'Ẩn Tiên Cư','1',current_timestamp,30,'Cho_Moi_Tieu_Su_Thuc'),
(7,11,N'Trời Giáng Tường Vân, thánh nhân đến thế gian','1',current_timestamp,30,'Cho_Moi_Tieu_Su_Thuc'),
(7,12,N'Các Nguoi Diễn Xuất Thật Chuyên Nghiệp À','1',current_timestamp,30,'Cho_Moi_Tieu_Su_Thuc'),
(7,13,N'Chúng Ta Bội Phục','1',current_timestamp,30,'Cho_Moi_Tieu_Su_Thuc'),
(7,14,N'Ẩn Tiên Cư','1',current_timestamp,30,'Cho_Moi_Tieu_Su_Thuc')
insert into CHUONG values
(8,1,N'Bắc Linh Viện','1',current_timestamp,20,'Dai_Chua_Te'),
(8,2,N'Thiếu Niên Bị Đuổi Khỏi Linh Lộ','1',current_timestamp,20,'Dai_Chua_Te'),
(8,3,N'Mục Vực','1',current_timestamp,20,'Dai_Chua_Te'),
(8,4,N'Đại Phù Đồ Quyết','1',current_timestamp,20,'Dai_Chua_Te'),
(8,5,N'Đại Thiên Thế Giới','1',current_timestamp,20,'Dai_Chua_Te'),
(8,6,N'Biên độ dao động linh lực','1',current_timestamp,20,'Dai_Chua_Te'),
(8,7,N'Mộ Nguyên','1',current_timestamp,20,'Dai_Chua_Te'),
(8,8,N'Liễu Dương','1',current_timestamp,20,'Dai_Chua_Te'),
(8,9,N'Đối mặt','1',current_timestamp,20,'Dai_Chua_Te'),
(8,10,N'Tỷ thí học viện','1',current_timestamp,20,'Dai_Chua_Te'),
(8,11,N'Đàm Thanh Sơn','1',current_timestamp,20,'Dai_Chua_Te'),
(8,12,N'Ra tay','1',current_timestamp,20,'Dai_Chua_Te'),
(8,13,N'Chiến Liễu Dương','1',current_timestamp,20,'Dai_Chua_Te'),
(8,14,N'Linh Động cảnh trung kỳ','1',current_timestamp,20,'Dai_Chua_Te'),
(8,15,N'Phá Linh châu','1',current_timestamp,20,'Dai_Chua_Te'),

(9,1,N'Ta Là Bất Tử','1',current_timestamp,10,N'Vo_Dich_That_Tich_Mich'),
(9,2,N'Nghĩ Đến Đã Thấy Hý Hững','1',current_timestamp,10,N'Vo_Dich_That_Tich_Mich'),
(9,3,N'Thật Là Không Có Tiền Đồ','1',current_timestamp,10,N'Vo_Dich_That_Tich_Mich'),
(9,4,N'Mình Khác Gì Autohack','1',current_timestamp,10,N'Vo_Dich_That_Tich_Mich'),
(9,5,N'Ta Chỉ Không Tin Mà Thôi','1',current_timestamp,10,N'Vo_Dich_That_Tich_Mich'),
(9,6,N'Cảm nhiễm toàn trường','1',current_timestamp,10,N'Vo_Dich_That_Tich_Mich'),
(9,7,N'Phân tích này một đợt liền ổn','1',current_timestamp,10,N'Vo_Dich_That_Tich_Mich'),
(9,8,N'Chờ một chút, ta có chuyện muốn nói','1',current_timestamp,10,N'Vo_Dich_That_Tich_Mich'),
(9,9,N'Các ngươi sát tính quá nặng đi','1',current_timestamp,10,N'Vo_Dich_That_Tich_Mich'),
(9,10,N'Sư đệ, không cần','1',current_timestamp,10,N'Vo_Dich_That_Tich_Mich'),
(9,11,N'Độ thiện cảm xoát không tệ','1',current_timestamp,10,N'Vo_Dich_That_Tich_Mich'),
(9,12,N'Tự sáng tạo công pháp chỉ nam','1',current_timestamp,10,N'Vo_Dich_That_Tich_Mich'),
(9,13,N'Ngủ ngươi tê liệt, đứng dậy nào','1',current_timestamp,10,N'Vo_Dich_That_Tich_Mich'),
(9,14,N'Ta tuyên ngôn rất nhiều','1',current_timestamp,10,N'Vo_Dich_That_Tich_Mich'),
(9,15,N'Nhất định phải điệu thấp','1',current_timestamp,10,N'Vo_Dich_That_Tich_Mich'),

(10,1,N'Tam Quỷ Gia','1',current_timestamp,100,'De_Ba'),
(10,2,N'Tam Quỷ Gia(2)','1',current_timestamp,100,'De_Ba'),
(10,3,N'Tây Nhan Cổ Phái(1)','1',current_timestamp,100,'De_Ba'),
(10,4,N'Tây Nhan Cổ Phái(2)','1',current_timestamp,100,'De_Ba'),
(10,5,N'Vị Hôn Thê(1)','1',current_timestamp,100,'De_Ba'),
(10,6,N'Vị hôn thê (hạ)','1',current_timestamp,100,'De_Ba'),
(10,7,N'Cửu Thánh Yêu Môn (thượng)','1',current_timestamp,100,'De_Ba'),
(10,8,N' Cửu Thánh Yêu Môn (hạ)','1',current_timestamp,100,'De_Ba'),
(10,9,N'Giết người không chớp mắt (thượng)','1',current_timestamp,100,'De_Ba'),
(10,10,N'Giết người không chớp mắt (hạ)','1',current_timestamp,100,'De_Ba'),
(10,11,N'Ta hung hăng càn quấy, ta ương ngạnh (thượng)','1',current_timestamp,100,'De_Ba'),
(10,12,N'Ta hung hăng càn quấy, ta ương ngạnh (hạ)','1',current_timestamp,100,'De_Ba'),
(10,13,N' Loạn Tâm Lâm (thượng)','1',current_timestamp,100,'De_Ba'),
(10,14,N'Loạn Tâm Lâm (hạ)','1',current_timestamp,100,'De_Ba'),
(10,15,N'Kỳ tích xuất tay ta (thượng)','1',current_timestamp,100,'De_Ba'),

(11,1,N'chơi trò chơi sao? Chơi trước đó trước mổ sọ loại kia','1',current_timestamp,100,'Ta_He_Chua_Tri_Cho_Choi'),
(11,2,N'Hòa thuận quê nhà quan hệ','1',current_timestamp,100,'Ta_He_Chua_Tri_Cho_Choi'),
(11,3,N'Đi ngủ!','1',current_timestamp,100,'Ta_He_Chua_Tri_Cho_Choi'),
(11,4,N'Hướng phía không thể nói nói phương hướng phát triển','1',current_timestamp,100,'Ta_He_Chua_Tri_Cho_Choi'),
(11,5,N'Ngươi quản cái này gọi nhàn nhã chữa trị trò chơi?','1',current_timestamp,100,'Ta_He_Chua_Tri_Cho_Choi'),
(11,6,N'Xã sợ tốt, nhưng là người điên','1',current_timestamp,100,'Ta_He_Chua_Tri_Cho_Choi'),
(11,7,N'Lệ Tuyết','1',current_timestamp,100,'Ta_He_Chua_Tri_Cho_Choi'),
(11,8,N'Hệ thống phán định người tốt','1',current_timestamp,100,'Ta_He_Chua_Tri_Cho_Choi'),
(11,9,N'Hắn diễn liền giống như tự mình trải qua đồng dạng','1',current_timestamp,100,'Ta_He_Chua_Tri_Cho_Choi'),
(11,10,N'Tủ lạnh','1',current_timestamp,100,'Ta_He_Chua_Tri_Cho_Choi'),
(11,11,N'Đã đánh không lại, vậy liền gia nhập','1',current_timestamp,100,'Ta_He_Chua_Tri_Cho_Choi'),
(11,12,N'Trong hành lang người','1',current_timestamp,100,'Ta_He_Chua_Tri_Cho_Choi'),
(11,13,N'Cái thứ hai nhiệm vụ xem tivi','1',current_timestamp,100,'Ta_He_Chua_Tri_Cho_Choi'),
(11,14,N'Đẳng cấp hai','1',current_timestamp,100,'Ta_He_Chua_Tri_Cho_Choi'),
(11,15,N'Là ai tại chữa trị ai?','1',current_timestamp,100,'Ta_He_Chua_Tri_Cho_Choi'),

(12,1,N'Phụ Tử','1',current_timestamp,100,'Van_Toc_Chi_Kiep'),
(12,2,N'Tứ Đại Học Phủ','1',current_timestamp,100,'Van_Toc_Chi_Kiep'),
(12,3,N'Sách Họa vạn tộc','1',current_timestamp,100,'Van_Toc_Chi_Kiep'),
(12,4,N'phương pháp gia tốc khai nguyên cảnh','1',current_timestamp,100,'Van_Toc_Chi_Kiep'),
(12,5,N'mộng cảnh','1',current_timestamp,100,'Van_Toc_Chi_Kiep'),
(12,6,N'Thiết Dực điểu tái hiện','1',current_timestamp,100,'Van_Toc_Chi_Kiep'),
(12,7,N'quyển sách kỳ bí','1',current_timestamp,100,'Van_Toc_Chi_Kiep'),
(12,8,N'thiên tài của đại hạ phủ(1)','1',current_timestamp,100,'Van_Toc_Chi_Kiep'),
(12,9,N'thiên tài của đại hạ phủ(2)','1',current_timestamp,100,'Van_Toc_Chi_Kiep'),
(12,10,N'thủ đoạn của van minh học phủ(1)','1',current_timestamp,100,'Van_Toc_Chi_Kiep'),
(12,11,N'thủ đoạn của van minh học phủ(2)','1',current_timestamp,100,'Van_Toc_Chi_Kiep'),
(12,12,N'khai nguyên tứ trọng(1)','1',current_timestamp,100,'Van_Toc_Chi_Kiep'),
(12,13,N'khai nguyên tứ trọng(2)','1',current_timestamp,100,'Van_Toc_Chi_Kiep'),
(12,14,N'trước thềm gió êm sóng lăng','1',current_timestamp,100,'Van_Toc_Chi_Kiep'),
(12,15,N'dẫn xà xuất động','1',current_timestamp,100,'Van_Toc_Chi_Kiep'),

(13,1,N'Sư phụ, ngươi muốn ôm cháu trai không','1',current_timestamp,100,'Ton_Hau_La_Su_De_Ta'),
(13,2,N'Cái thế giới này nhân vật chính cũng là Hầu Tử','1',current_timestamp,100,'Ton_Hau_La_Su_De_Ta'),
(13,3,N'Tôn Ngộ Không mở cái thật không tốt đầu','1',current_timestamp,100,'Ton_Hau_La_Su_De_Ta'),
(13,4,N'Hồ bằng cẩu hữu đã thị cảm','1',current_timestamp,100,'Ton_Hau_La_Su_De_Ta'),
(13,5,N'Công ty của các ngươi vũ khí muốn tán tỉnh nữ minh tinh','1',current_timestamp,100,'Ton_Hau_La_Su_De_Ta'),
(13,6,N'Một đầu khác Hầu Tử ra tới đoạt trò vui','1',current_timestamp,100,'Ton_Hau_La_Su_De_Ta'),
(13,7,N'Con khỉ này tại dùng di động','1',current_timestamp,100,'Ton_Hau_La_Su_De_Ta'),
(13,8,N'Xuống tới, nhường ba ba đánh chết ngươi','1',current_timestamp,100,'Ton_Hau_La_Su_De_Ta'),
(13,9,N'Ngươi hô cha ta sự tình cũng quên rồi sao','1',current_timestamp,100,'Ton_Hau_La_Su_De_Ta'),
(13,10,N'Ta là một đầu có hài hước cảm giác Hầu Tử','1',current_timestamp,100,'Ton_Hau_La_Su_De_Ta'),
(13,11,N'Nắm sủng vật dưỡng thành nhi tử','1',current_timestamp,100,'Ton_Hau_La_Su_De_Ta'),
(13,12,N'Ngươi là nếm qua chim chim trái cây Hầu Tử, vẫn là ăn Hầu Tử trái cây chim?','1',current_timestamp,100,'Ton_Hau_La_Su_De_Ta'),
(13,13,N'Đông hải tối cường diễn viên quần chúng','1',current_timestamp,100,'Ton_Hau_La_Su_De_Ta'),
(13,14,N'Chúng ta đêm nay hành động là trắng trợn cướp đoạt dân nữ sao','1',current_timestamp,100,'Ton_Hau_La_Su_De_Ta'),
(13,15,N'Kiếm tiền phương pháp liền là trở thành hải tặc cùng với bắt lấy hải tặc','1',current_timestamp,100,'Ton_Hau_La_Su_De_Ta'),

(14,1,N'cho mời tiểu sư thúc','1',current_timestamp,30,'Cho_Moi_Tieu_Su_Thuc'),
(14,2,N'Trời Giáng Tường Vân, thánh nhân đến thế gian','1',current_timestamp,30,'Cho_Moi_Tieu_Su_Thuc'),
(14,3,N'Các Nguoi Diễn Xuất Thật Chuyên Nghiệp À','1',current_timestamp,30,'Cho_Moi_Tieu_Su_Thuc'),
(14,4,N'Chúng Ta Bội Phục','1',current_timestamp,30,'Cho_Moi_Tieu_Su_Thuc'),
(14,5,N'Ẩn Tiên Cư','1',current_timestamp,30,'Cho_Moi_Tieu_Su_Thuc'),
(14,6,N'cho mời tiểu sư thúc','1',current_timestamp,30,'Cho_Moi_Tieu_Su_Thuc'),
(14,7,N'Trời Giáng Tường Vân, thánh nhân đến thế gian','1',current_timestamp,30,'Cho_Moi_Tieu_Su_Thuc'),
(14,8,N'Các Nguoi Diễn Xuất Thật Chuyên Nghiệp À','1',current_timestamp,30,'Cho_Moi_Tieu_Su_Thuc'),
(14,9,N'Chúng Ta Bội Phục','1',current_timestamp,30,'Cho_Moi_Tieu_Su_Thuc'),
(14,10,N'Ẩn Tiên Cư','1',current_timestamp,30,'Cho_Moi_Tieu_Su_Thuc'),
(14,11,N'Trời Giáng Tường Vân, thánh nhân đến thế gian','1',current_timestamp,30,'Cho_Moi_Tieu_Su_Thuc'),
(14,12,N'Các Nguoi Diễn Xuất Thật Chuyên Nghiệp À','1',current_timestamp,30,'Cho_Moi_Tieu_Su_Thuc'),
(14,13,N'Chúng Ta Bội Phục','1',current_timestamp,30,'Cho_Moi_Tieu_Su_Thuc'),
(14,14,N'Ẩn Tiên Cư','1',current_timestamp,30,'Cho_Moi_Tieu_Su_Thuc'),

(15,1,N'kịch bản không đúng','1',current_timestamp,100,'The_Gioi_Duy_Nhat_Phap_Su'),
(15,2,N'Thiên Linh Đại Lục','1',current_timestamp,100,'The_Gioi_Duy_Nhat_Phap_Su'),
(15,3,N'mạc Gia Gia Chủ Mạc Tần Phong','1',current_timestamp,100,'The_Gioi_Duy_Nhat_Phap_Su'),
(15,4,N'Tình Thương Của Cha','1',current_timestamp,100,'The_Gioi_Duy_Nhat_Phap_Su'),
(15,5,N'Chờ Ngươi Đi Đến Đỉnh Phong, Tự Nhiên Sẽ Hiểu','1',current_timestamp,100,'The_Gioi_Duy_Nhat_Phap_Su'),
(15,6,N'kịch bản không đúng','1',current_timestamp,100,'The_Gioi_Duy_Nhat_Phap_Su'),
(15,7,N'Thiên Linh Đại Lục','1',current_timestamp,100,'The_Gioi_Duy_Nhat_Phap_Su'),
(15,8,N'mạc Gia Gia Chủ Mạc Tần Phong','1',current_timestamp,100,'The_Gioi_Duy_Nhat_Phap_Su'),
(15,9,N'Tình Thương Của Cha','1',current_timestamp,100,'The_Gioi_Duy_Nhat_Phap_Su'),
(15,10,N'Chờ Ngươi Đi Đến Đỉnh Phong, Tự Nhiên Sẽ Hiểu','1',current_timestamp,100,'The_Gioi_Duy_Nhat_Phap_Su'),
(15,11,N'kịch bản không đúng','1',current_timestamp,100,'The_Gioi_Duy_Nhat_Phap_Su'),
(15,12,N'Thiên Linh Đại Lục','1',current_timestamp,100,'The_Gioi_Duy_Nhat_Phap_Su'),
(15,13,N'mạc Gia Gia Chủ Mạc Tần Phong','1',current_timestamp,100,'The_Gioi_Duy_Nhat_Phap_Su'),
(15,14,N'Tình Thương Của Cha','1',current_timestamp,100,'The_Gioi_Duy_Nhat_Phap_Su'),
(15,15,N'Chờ Ngươi Đi Đến Đỉnh Phong, Tự Nhiên Sẽ Hiểu','1',current_timestamp,100,'The_Gioi_Duy_Nhat_Phap_Su'),

(16,1,N'Kẻ hủy diệt','1',current_timestamp,100,'Phong_Than_Ky'),
(16,2,N'Ti Mệnh','1',current_timestamp,100,'Phong_Than_Ky'),
(16,3,N'Kha thiên lạc','1',current_timestamp,100,'Phong_Than_Ky'),
(16,4,N'A công','1',current_timestamp,100,'Phong_Than_Ky'),
(16,5,N'đã lâu không gặp','1',current_timestamp,100,'Phong_Than_Ky'),
(16,6,N'Kẻ hủy diệt','1',current_timestamp,100,'Phong_Than_Ky'),
(16,7,N'Ti Mệnh','1',current_timestamp,100,'Phong_Than_Ky'),
(16,8,N'Kha thiên lạc','1',current_timestamp,100,'Phong_Than_Ky'),
(16,9,N'A công','1',current_timestamp,100,'Phong_Than_Ky'),
(16,10,N'đã lâu không gặp','1',current_timestamp,100,'Phong_Than_Ky'),
(16,11,N'Kẻ hủy diệt','1',current_timestamp,100,'Phong_Than_Ky'),
(16,12,N'Ti Mệnh','1',current_timestamp,100,'Phong_Than_Ky'),
(16,13,N'Kha thiên lạc','1',current_timestamp,100,'Phong_Than_Ky'),
(16,14,N'A công','1',current_timestamp,100,'Phong_Than_Ky'),
(16,15,N'đã lâu không gặp','1',current_timestamp,100,'Phong_Than_Ky'),

(17,1,N'Thánh Thú Chiến Hồn','1',current_timestamp,100,'Van_Co_De_Nhat_Than_Nhan'),
(17,2,N'Vĩnh Hằng Luyện Ngục Phượng Hoàng','1',current_timestamp,100,'Van_Co_De_Nhat_Than_Nhan'),
(17,3,N'1 phong thư bỏ vợ','1',current_timestamp,100,'Van_Co_De_Nhat_Than_Nhan'),
(17,4,N'Heo mẹ lên cây','1',current_timestamp,100,'Van_Co_De_Nhat_Than_Nhan'),
(17,5,N'Huyết mạch gông xiềng','1',current_timestamp,100,'Van_Co_De_Nhat_Than_Nhan'),
(17,6,N'Thánh Thú Chiến Hồn','1',current_timestamp,100,'Van_Co_De_Nhat_Than_Nhan'),
(17,7,N'Vĩnh Hằng Luyện Ngục Phượng Hoàng','1',current_timestamp,100,'Van_Co_De_Nhat_Than_Nhan'),
(17,8,N'1 phong thư bỏ vợ','1',current_timestamp,100,'Van_Co_De_Nhat_Than_Nhan'),
(17,9,N'Heo mẹ lên cây','1',current_timestamp,100,'Van_Co_De_Nhat_Than_Nhan'),
(17,10,N'Huyết mạch gông xiềng','1',current_timestamp,100,'Van_Co_De_Nhat_Than_Nhan'),
(17,11,N'Thánh Thú Chiến Hồn','1',current_timestamp,100,'Van_Co_De_Nhat_Than_Nhan'),
(17,12,N'Vĩnh Hằng Luyện Ngục Phượng Hoàng','1',current_timestamp,100,'Van_Co_De_Nhat_Than_Nhan'),
(17,13,N'1 phong thư bỏ vợ','1',current_timestamp,100,'Van_Co_De_Nhat_Than_Nhan'),
(17,14,N'Heo mẹ lên cây','1',current_timestamp,100,'Van_Co_De_Nhat_Than_Nhan'),
(17,15,N'Huyết mạch gông xiềng','1',current_timestamp,100,'Van_Co_De_Nhat_Than_Nhan'),

(18,1,N'kịch bản không đúng','1',current_timestamp,100,'The_Gioi_Duy_Nhat_Phap_Su'),
(18,2,N'Thiên Linh Đại Lục','1',current_timestamp,100,'The_Gioi_Duy_Nhat_Phap_Su'),
(18,3,N'mạc Gia Gia Chủ Mạc Tần Phong','1',current_timestamp,100,'The_Gioi_Duy_Nhat_Phap_Su'),
(18,4,N'Tình Thương Của Cha','1',current_timestamp,100,'The_Gioi_Duy_Nhat_Phap_Su'),
(18,5,N'Chờ Ngươi Đi Đến Đỉnh Phong, Tự Nhiên Sẽ Hiểu','1',current_timestamp,100,'The_Gioi_Duy_Nhat_Phap_Su'),
(18,6,N'kịch bản không đúng','1',current_timestamp,100,'The_Gioi_Duy_Nhat_Phap_Su'),
(18,7,N'Thiên Linh Đại Lục','1',current_timestamp,100,'The_Gioi_Duy_Nhat_Phap_Su'),
(18,8,N'mạc Gia Gia Chủ Mạc Tần Phong','1',current_timestamp,100,'The_Gioi_Duy_Nhat_Phap_Su'),
(18,9,N'Tình Thương Của Cha','1',current_timestamp,100,'The_Gioi_Duy_Nhat_Phap_Su'),
(18,10,N'Chờ Ngươi Đi Đến Đỉnh Phong, Tự Nhiên Sẽ Hiểu','1',current_timestamp,100,'The_Gioi_Duy_Nhat_Phap_Su'),
(18,11,N'kịch bản không đúng','1',current_timestamp,100,'The_Gioi_Duy_Nhat_Phap_Su'),
(18,12,N'Thiên Linh Đại Lục','1',current_timestamp,100,'The_Gioi_Duy_Nhat_Phap_Su'),
(18,13,N'mạc Gia Gia Chủ Mạc Tần Phong','1',current_timestamp,100,'The_Gioi_Duy_Nhat_Phap_Su'),
(18,14,N'Tình Thương Của Cha','1',current_timestamp,100,'The_Gioi_Duy_Nhat_Phap_Su'),
(18,15,N'Chờ Ngươi Đi Đến Đỉnh Phong, Tự Nhiên Sẽ Hiểu','1',current_timestamp,100,'The_Gioi_Duy_Nhat_Phap_Su'),

(19,1,N'Kẻ hủy diệt','1',current_timestamp,100,'Phong_Than_Ky'),
(19,2,N'Ti Mệnh','1',current_timestamp,100,'Phong_Than_Ky'),
(19,3,N'Kha thiên lạc','1',current_timestamp,100,'Phong_Than_Ky'),
(19,4,N'A công','1',current_timestamp,100,'Phong_Than_Ky'),
(19,5,N'đã lâu không gặp','1',current_timestamp,100,'Phong_Than_Ky'),
(19,6,N'Kẻ hủy diệt','1',current_timestamp,100,'Phong_Than_Ky'),
(19,7,N'Ti Mệnh','1',current_timestamp,100,'Phong_Than_Ky'),
(19,8,N'Kha thiên lạc','1',current_timestamp,100,'Phong_Than_Ky'),
(19,9,N'A công','1',current_timestamp,100,'Phong_Than_Ky'),
(19,10,N'đã lâu không gặp','1',current_timestamp,100,'Phong_Than_Ky'),
(19,11,N'Kẻ hủy diệt','1',current_timestamp,100,'Phong_Than_Ky'),
(19,12,N'Ti Mệnh','1',current_timestamp,100,'Phong_Than_Ky'),
(19,13,N'Kha thiên lạc','1',current_timestamp,100,'Phong_Than_Ky'),
(19,14,N'A công','1',current_timestamp,100,'Phong_Than_Ky'),
(19,15,N'đã lâu không gặp','1',current_timestamp,100,'Phong_Than_Ky'),

(20,1,N'có thể chạm tay đến trường sinh','1',current_timestamp,100,'Tinh_Te_Tu_Chan_Hang_Ngay'),
(20,2,N'Ngưng Khí cùng Linh Động','1',current_timestamp,100,'Tinh_Te_Tu_Chan_Hang_Ngay'),
(20,3,N'Nắm cỏ có thể, ăn cỏ phạm pháp','1',current_timestamp,100,'Tinh_Te_Tu_Chan_Hang_Ngay'),
(20,4,N'Võ ban! Nhất định phải võ ban!','1',current_timestamp,100,'Tinh_Te_Tu_Chan_Hang_Ngay'),
(20,5,N'Mê chi tự tin','1',current_timestamp,100,'Tinh_Te_Tu_Chan_Hang_Ngay'),
(20,6,N'có thể chạm tay đến trường sinh','1',current_timestamp,100,'Tinh_Te_Tu_Chan_Hang_Ngay'),
(20,7,N'Ngưng Khí cùng Linh Động','1',current_timestamp,100,'Tinh_Te_Tu_Chan_Hang_Ngay'),
(20,8,N'Nắm cỏ có thể, ăn cỏ phạm pháp','1',current_timestamp,100,'Tinh_Te_Tu_Chan_Hang_Ngay'),
(20,9,N'Võ ban! Nhất định phải võ ban!','1',current_timestamp,100,'Tinh_Te_Tu_Chan_Hang_Ngay'),
(20,10,N'Mê chi tự tin','1',current_timestamp,100,'Tinh_Te_Tu_Chan_Hang_Ngay'),
(20,11,N'có thể chạm tay đến trường sinh','1',current_timestamp,100,'Tinh_Te_Tu_Chan_Hang_Ngay'),
(20,12,N'Ngưng Khí cùng Linh Động','1',current_timestamp,100,'Tinh_Te_Tu_Chan_Hang_Ngay'),
(20,13,N'Nắm cỏ có thể, ăn cỏ phạm pháp','1',current_timestamp,100,'Tinh_Te_Tu_Chan_Hang_Ngay'),
(20,14,N'Võ ban! Nhất định phải võ ban!','1',current_timestamp,100,'Tinh_Te_Tu_Chan_Hang_Ngay'),
(20,15,N'Mê chi tự tin','1',current_timestamp,100,'Tinh_Te_Tu_Chan_Hang_Ngay'),

(21,1,N'Thần bí cổ môn','1',current_timestamp,100,'Chu_Thien_Chi_Sat_Khi_Hao_Hung'),
(21,2,N'Dương Liên Đình','1',current_timestamp,100,'Chu_Thien_Chi_Sat_Khi_Hao_Hung'),
(21,3,N'Ta muốn luyện võ công','1',current_timestamp,100,'Chu_Thien_Chi_Sat_Khi_Hao_Hung'),
(21,4,N'long Tượng Bàn Nhược Công','1',current_timestamp,100,'Chu_Thien_Chi_Sat_Khi_Hao_Hung'),
(21,5,N'Hà tiểu thư tự vận','1',current_timestamp,100,'Chu_Thien_Chi_Sat_Khi_Hao_Hung'),
(21,6,N'Thần bí cổ môn','1',current_timestamp,100,'Chu_Thien_Chi_Sat_Khi_Hao_Hung'),
(21,7,N'Dương Liên Đình','1',current_timestamp,100,'Chu_Thien_Chi_Sat_Khi_Hao_Hung'),
(21,8,N'Ta muốn luyện võ công','1',current_timestamp,100,'Chu_Thien_Chi_Sat_Khi_Hao_Hung'),
(21,9,N'long Tượng Bàn Nhược Công','1',current_timestamp,100,'Chu_Thien_Chi_Sat_Khi_Hao_Hung'),
(21,10,N'Hà tiểu thư tự vận','1',current_timestamp,100,'Chu_Thien_Chi_Sat_Khi_Hao_Hung'),
(21,11,N'Thần bí cổ môn','1',current_timestamp,100,'Chu_Thien_Chi_Sat_Khi_Hao_Hung'),
(21,12,N'Dương Liên Đình','1',current_timestamp,100,'Chu_Thien_Chi_Sat_Khi_Hao_Hung'),
(21,13,N'Ta muốn luyện võ công','1',current_timestamp,100,'Chu_Thien_Chi_Sat_Khi_Hao_Hung'),
(21,14,N'long Tượng Bàn Nhược Công','1',current_timestamp,100,'Chu_Thien_Chi_Sat_Khi_Hao_Hung'),
(21,15,N'Hà tiểu thư tự vận','1',current_timestamp,100,'Chu_Thien_Chi_Sat_Khi_Hao_Hung'),

(22,1,N'Bạch cốt hoa đán','1',current_timestamp,100,'Day_La_Tinh_Cau_Cua_Ta'),
(22,2,N'Khô lâu Đạo Binh','1',current_timestamp,100,'Day_La_Tinh_Cau_Cua_Ta'),
(22,3,N'Thải Sinh Cát Chiết','1',current_timestamp,100,'Day_La_Tinh_Cau_Cua_Ta'),
(22,4,N'Phù lục hạt giống','1',current_timestamp,100,'Day_La_Tinh_Cau_Cua_Ta'),
(22,5,N'Vô Tự Phù Lục','1',current_timestamp,100,'Day_La_Tinh_Cau_Cua_Ta'),
(22,6,N'Bạch cốt hoa đán','1',current_timestamp,100,'Day_La_Tinh_Cau_Cua_Ta'),
(22,7,N'Khô lâu Đạo Binh','1',current_timestamp,100,'Day_La_Tinh_Cau_Cua_Ta'),
(22,8,N'Thải Sinh Cát Chiết','1',current_timestamp,100,'Day_La_Tinh_Cau_Cua_Ta'),
(22,9,N'Phù lục hạt giống','1',current_timestamp,100,'Day_La_Tinh_Cau_Cua_Ta'),
(22,10,N'Vô Tự Phù Lục','1',current_timestamp,100,'Day_La_Tinh_Cau_Cua_Ta'),
(22,11,N'Bạch cốt hoa đán','1',current_timestamp,100,'Day_La_Tinh_Cau_Cua_Ta'),
(22,12,N'Khô lâu Đạo Binh','1',current_timestamp,100,'Day_La_Tinh_Cau_Cua_Ta'),
(22,13,N'Thải Sinh Cát Chiết','1',current_timestamp,100,'Day_La_Tinh_Cau_Cua_Ta'),
(22,14,N'Phù lục hạt giống','1',current_timestamp,100,'Day_La_Tinh_Cau_Cua_Ta'),
(22,15,N'Vô Tự Phù Lục','1',current_timestamp,100,'Day_La_Tinh_Cau_Cua_Ta'),

(23,1,N'Bạch cốt hoa đán','1',current_timestamp,100,'Tien_Luc'),
(23,2,N'Khô lâu Đạo Binh','1',current_timestamp,100,'Tien_Luc'),
(23,3,N'Thải Sinh Cát Chiết','1',current_timestamp,100,'Tien_Luc'),
(23,4,N'Phù lục hạt giống','1',current_timestamp,100,'Tien_Luc'),
(23,5,N'Vô Tự Phù Lục','1',current_timestamp,100,'Tien_Luc'),
(23,6,N'Bạch cốt hoa đán','1',current_timestamp,100,'Tien_Luc'),
(23,7,N'Khô lâu Đạo Binh','1',current_timestamp,100,'Tien_Luc'),
(23,8,N'Thải Sinh Cát Chiết','1',current_timestamp,100,'Tien_Luc'),
(23,9,N'Phù lục hạt giống','1',current_timestamp,100,'Tien_Luc'),
(23,10,N'Vô Tự Phù Lục','1',current_timestamp,100,'Tien_Luc'),
(23,11,N'Bạch cốt hoa đán','1',current_timestamp,100,'Tien_Luc'),
(23,12,N'Khô lâu Đạo Binh','1',current_timestamp,100,'Tien_Luc'),
(23,13,N'Thải Sinh Cát Chiết','1',current_timestamp,100,'Tien_Luc'),
(23,14,N'Phù lục hạt giống','1',current_timestamp,100,'Tien_Luc'),
(23,15,N'Vô Tự Phù Lục','1',current_timestamp,100,'Tien_Luc'),

(24,1,N'Bức hôn','1',current_timestamp,100,'Yeu_Long_Co_De'),
(24,2,N'Ta nếu là không cưới đâu?','1',current_timestamp,100,'Yeu_Long_Co_De'),
(24,3,N'Mở long mạch!','1',current_timestamp,100,'Yeu_Long_Co_De'),
(24,4,N'Tiêu Vũ Tuệ','1',current_timestamp,100,'Yeu_Long_Co_De'),
(24,5,N'Một bạt tai!','1',current_timestamp,100,'Yeu_Long_Co_De'),
(24,6,N'Bức hôn','1',current_timestamp,100,'Yeu_Long_Co_De'),
(24,7,N'Ta nếu là không cưới đâu?','1',current_timestamp,100,'Yeu_Long_Co_De'),
(24,8,N'Mở long mạch!','1',current_timestamp,100,'Yeu_Long_Co_De'),
(24,9,N'Tiêu Vũ Tuệ','1',current_timestamp,100,'Yeu_Long_Co_De'),
(24,10,N'Một bạt tai!','1',current_timestamp,100,'Yeu_Long_Co_De'),
(24,11,N'Bức hôn','1',current_timestamp,100,'Yeu_Long_Co_De'),
(24,12,N'Ta nếu là không cưới đâu?','1',current_timestamp,100,'Yeu_Long_Co_De'),
(24,13,N'Mở long mạch!','1',current_timestamp,100,'Yeu_Long_Co_De'),
(24,14,N'Tiêu Vũ Tuệ','1',current_timestamp,100,'Yeu_Long_Co_De'),
(24,15,N'Một bạt tai!','1',current_timestamp,100,'Yeu_Long_Co_De'),

(25,1,N'ta tại dị giới điểm hồng bao','1',current_timestamp,100,'Toi_Cuong_He_Thong_De_Hoang'),
(25,2,N'Trực tiếp bật hack!','1',current_timestamp,100,'Toi_Cuong_He_Thong_De_Hoang'),
(25,3,N'Giết! Giết! Giết!','1',current_timestamp,100,'Toi_Cuong_He_Thong_De_Hoang'),
(25,4,N'Lãnh khốc vô tình!','1',current_timestamp,100,'Toi_Cuong_He_Thong_De_Hoang'),
(25,5,N'Hoàng hậu nương nương giá lâm!','1',current_timestamp,100,'Toi_Cuong_He_Thong_De_Hoang'),
(25,6,N'Ngươi là ta tiểu khả ái!','1',current_timestamp,100,'Toi_Cuong_He_Thong_De_Hoang'),
(25,7,N'Hoàng cung nước, rất sâu!','1',current_timestamp,100,'Toi_Cuong_He_Thong_De_Hoang'),
(25,8,N'Hoàng tử cùng hoàng đế','1',current_timestamp,100,'Toi_Cuong_He_Thong_De_Hoang'),
(25,9,N'Từ xưa vô tình đế vương gia!','1',current_timestamp,100,'Toi_Cuong_He_Thong_De_Hoang'),
(25,10,N'Ba ba đánh mặt!','1',current_timestamp,100,'Toi_Cuong_He_Thong_De_Hoang'),
(25,11,N'Đè lại nàng, Hạo gia ngắm cái chắc','1',current_timestamp,100,'Toi_Cuong_He_Thong_De_Hoang'),
(25,12,N'Đêm mưa dưới giết chóc!','1',current_timestamp,100,'Toi_Cuong_He_Thong_De_Hoang'),
(25,13,N'Miếu hoang bên trong nữ quỷ?','1',current_timestamp,100,'Toi_Cuong_He_Thong_De_Hoang'),
(25,14,N'Hai người cao thủ!','1',current_timestamp,100,'Toi_Cuong_He_Thong_De_Hoang'),
(25,15,N'Không phải Hạo gia quá bạc đãng, chỉ vì hệ thống quá vô sỉ!','1',current_timestamp,100,'Toi_Cuong_He_Thong_De_Hoang'),

(26,1,N'Phu tử cứu mạng','1',current_timestamp,100,'Ta_Cao_Hon_Troi'),
(26,2,N'Quân tử tứ nghệ','1',current_timestamp,100,'Ta_Cao_Hon_Troi'),
(26,3,N'Quan Phong Dị Văn Lục','1',current_timestamp,100,'Ta_Cao_Hon_Troi'),
(26,4,N'Đáy nước trầm thi','1',current_timestamp,100,'Ta_Cao_Hon_Troi'),
(26,5,N'Huyện tôn Bạch Hạo','1',current_timestamp,100,'Ta_Cao_Hon_Troi'),
(26,6,N'Trong mộng gặp quỷ','1',current_timestamp,100,'Ta_Cao_Hon_Troi'),
(26,7,N'Một viên từ trên trời giáng xuống hoả tinh','1',current_timestamp,100,'Ta_Cao_Hon_Troi'),
(26,8,N'Thiên Thần hạ phàm','1',current_timestamp,100,'Ta_Cao_Hon_Troi'),
(26,9,N'Nghĩa dân mẫu mực','1',current_timestamp,100,'Ta_Cao_Hon_Troi'),
(26,10,N'Đến một cái bảo bối tốt','1',current_timestamp,100,'Ta_Cao_Hon_Troi'),
(26,11,N'Phẩm họa 3 quyển','1',current_timestamp,100,'Ta_Cao_Hon_Troi'),
(26,12,N'Ngao Ưng Đồ','1',current_timestamp,100,'Ta_Cao_Hon_Troi'),
(26,13,N'Ngõ hẹp gặp nhau dũng giả thắng','1',current_timestamp,100,'Ta_Cao_Hon_Troi'),
(26,14,N'Một mắt phá pháp','1',current_timestamp,100,'Ta_Cao_Hon_Troi'),
(26,15,N'Truyền nhân y bát','1',current_timestamp,100,'Ta_Cao_Hon_Troi'),

(27,1,N'Tam Quỷ Gia','1',current_timestamp,100,'De_Ba'),
(27,2,N'Tam Quỷ Gia(2)','1',current_timestamp,100,'De_Ba'),
(27,3,N'Tây Nhan Cổ Phái(1)','1',current_timestamp,100,'De_Ba'),
(27,4,N'Tây Nhan Cổ Phái(2)','1',current_timestamp,100,'De_Ba'),
(27,5,N'Vị Hôn Thê(1)','1',current_timestamp,100,'De_Ba'),
(27,6,N'Vị hôn thê (hạ)','1',current_timestamp,100,'De_Ba'),
(27,7,N'Cửu Thánh Yêu Môn (thượng)','1',current_timestamp,100,'De_Ba'),
(27,8,N' Cửu Thánh Yêu Môn (hạ)','1',current_timestamp,100,'De_Ba'),
(27,9,N'Giết người không chớp mắt (thượng)','1',current_timestamp,100,'De_Ba'),
(27,10,N'Giết người không chớp mắt (hạ)','1',current_timestamp,100,'De_Ba'),
(27,11,N'Ta hung hăng càn quấy, ta ương ngạnh (thượng)','1',current_timestamp,100,'De_Ba'),
(27,12,N'Ta hung hăng càn quấy, ta ương ngạnh (hạ)','1',current_timestamp,100,'De_Ba'),
(27,13,N' Loạn Tâm Lâm (thượng)','1',current_timestamp,100,'De_Ba'),
(27,14,N'Loạn Tâm Lâm (hạ)','1',current_timestamp,100,'De_Ba'),
(27,15,N'Kỳ tích xuất tay ta (thượng)','1',current_timestamp,100,'De_Ba'),

(28,1,N'chơi trò chơi sao? Chơi trước đó trước mổ sọ loại kia','1',current_timestamp,100,'Ta_He_Chua_Tri_Cho_Choi'),
(28,2,N'Hòa thuận quê nhà quan hệ','1',current_timestamp,100,'Ta_He_Chua_Tri_Cho_Choi'),
(28,3,N'Đi ngủ!','1',current_timestamp,100,'Ta_He_Chua_Tri_Cho_Choi'),
(28,4,N'Hướng phía không thể nói nói phương hướng phát triển','1',current_timestamp,100,'Ta_He_Chua_Tri_Cho_Choi'),
(28,5,N'Ngươi quản cái này gọi nhàn nhã chữa trị trò chơi?','1',current_timestamp,100,'Ta_He_Chua_Tri_Cho_Choi'),
(28,6,N'Xã sợ tốt, nhưng là người điên','1',current_timestamp,100,'Ta_He_Chua_Tri_Cho_Choi'),
(28,7,N'Lệ Tuyết','1',current_timestamp,100,'Ta_He_Chua_Tri_Cho_Choi'),
(28,8,N'Hệ thống phán định người tốt','1',current_timestamp,100,'Ta_He_Chua_Tri_Cho_Choi'),
(28,9,N'Hắn diễn liền giống như tự mình trải qua đồng dạng','1',current_timestamp,100,'Ta_He_Chua_Tri_Cho_Choi'),
(28,10,N'Tủ lạnh','1',current_timestamp,100,'Ta_He_Chua_Tri_Cho_Choi'),
(28,11,N'Đã đánh không lại, vậy liền gia nhập','1',current_timestamp,100,'Ta_He_Chua_Tri_Cho_Choi'),
(28,12,N'Trong hành lang người','1',current_timestamp,100,'Ta_He_Chua_Tri_Cho_Choi'),
(28,13,N'Cái thứ hai nhiệm vụ xem tivi','1',current_timestamp,100,'Ta_He_Chua_Tri_Cho_Choi'),
(28,14,N'Đẳng cấp hai','1',current_timestamp,100,'Ta_He_Chua_Tri_Cho_Choi'),
(28,15,N'Là ai tại chữa trị ai?','1',current_timestamp,100,'Ta_He_Chua_Tri_Cho_Choi'),

(29,1,N'Phụ Tử','1',current_timestamp,100,'Van_Toc_Chi_Kiep'),
(29,2,N'Tứ Đại Học Phủ','1',current_timestamp,100,'Van_Toc_Chi_Kiep'),
(29,3,N'Sách Họa vạn tộc','1',current_timestamp,100,'Van_Toc_Chi_Kiep'),
(29,4,N'phương pháp gia tốc khai nguyên cảnh','1',current_timestamp,100,'Van_Toc_Chi_Kiep'),
(29,5,N'mộng cảnh','1',current_timestamp,100,'Van_Toc_Chi_Kiep'),
(29,6,N'Thiết Dực điểu tái hiện','1',current_timestamp,100,'Van_Toc_Chi_Kiep'),
(29,7,N'quyển sách kỳ bí','1',current_timestamp,100,'Van_Toc_Chi_Kiep'),
(29,8,N'thiên tài của đại hạ phủ(1)','1',current_timestamp,100,'Van_Toc_Chi_Kiep'),
(29,9,N'thiên tài của đại hạ phủ(2)','1',current_timestamp,100,'Van_Toc_Chi_Kiep'),
(29,10,N'thủ đoạn của van minh học phủ(1)','1',current_timestamp,100,'Van_Toc_Chi_Kiep'),
(29,11,N'thủ đoạn của van minh học phủ(2)','1',current_timestamp,100,'Van_Toc_Chi_Kiep'),
(29,12,N'khai nguyên tứ trọng(1)','1',current_timestamp,100,'Van_Toc_Chi_Kiep'),
(29,13,N'khai nguyên tứ trọng(2)','1',current_timestamp,100,'Van_Toc_Chi_Kiep'),
(29,14,N'trước thềm gió êm sóng lăng','1',current_timestamp,100,'Van_Toc_Chi_Kiep'),
(29,15,N'dẫn xà xuất động','1',current_timestamp,100,'Van_Toc_Chi_Kiep'),

(30,1,N'Sư phụ, ngươi muốn ôm cháu trai không','1',current_timestamp,100,'Ton_Hau_La_Su_De_Ta'),
(30,2,N'Cái thế giới này nhân vật chính cũng là Hầu Tử','1',current_timestamp,100,'Ton_Hau_La_Su_De_Ta'),
(30,3,N'Tôn Ngộ Không mở cái thật không tốt đầu','1',current_timestamp,100,'Ton_Hau_La_Su_De_Ta'),
(30,4,N'Hồ bằng cẩu hữu đã thị cảm','1',current_timestamp,100,'Ton_Hau_La_Su_De_Ta'),
(30,5,N'Công ty của các ngươi vũ khí muốn tán tỉnh nữ minh tinh','1',current_timestamp,100,'Ton_Hau_La_Su_De_Ta'),
(30,6,N'Một đầu khác Hầu Tử ra tới đoạt trò vui','1',current_timestamp,100,'Ton_Hau_La_Su_De_Ta'),
(30,7,N'Con khỉ này tại dùng di động','1',current_timestamp,100,'Ton_Hau_La_Su_De_Ta'),
(30,8,N'Xuống tới, nhường ba ba đánh chết ngươi','1',current_timestamp,100,'Ton_Hau_La_Su_De_Ta'),
(30,9,N'Ngươi hô cha ta sự tình cũng quên rồi sao','1',current_timestamp,100,'Ton_Hau_La_Su_De_Ta'),
(30,10,N'Ta là một đầu có hài hước cảm giác Hầu Tử','1',current_timestamp,100,'Ton_Hau_La_Su_De_Ta'),
(30,11,N'Nắm sủng vật dưỡng thành nhi tử','1',current_timestamp,100,'Ton_Hau_La_Su_De_Ta'),
(30,12,N'Ngươi là nếm qua chim chim trái cây Hầu Tử, vẫn là ăn Hầu Tử trái cây chim?','1',current_timestamp,100,'Ton_Hau_La_Su_De_Ta'),
(30,13,N'Đông hải tối cường diễn viên quần chúng','1',current_timestamp,100,'Ton_Hau_La_Su_De_Ta'),
(30,14,N'Chúng ta đêm nay hành động là trắng trợn cướp đoạt dân nữ sao','1',current_timestamp,100,'Ton_Hau_La_Su_De_Ta'),
(30,15,N'Kiếm tiền phương pháp liền là trở thành hải tặc cùng với bắt lấy hải tặc','1',current_timestamp,100,'Ton_Hau_La_Su_De_Ta')
